1a,mv1,1a-1
1b,mv1,1b-1
1c,mv1,1c-1
1d,mv1,1d-1
1a,mv2,1a-2
1b,mv2,1b-2
1c,mv2,1c-2
1d,mv2,1d-2
2a,mv3,2a-3
2b,mv3,2b-3
2c,mv3,2c-3
2d,mv3,2d-3
2a,mv6,2a-6
2b,mv6,2b-6
2c,mv6,2c-6
2d,mv6,2d-6
3a,mv8,3a-8
3b,mv8,3b-8
3c,mv8,3c-8
4a,mv2,4a-2
4b,mv2,4b-2
4c,mv2,4c-2
5a,mv1,5a-1
5b,mv1,5b-1
5c,mv1,5c-1
5a,mv8,5a-8
5b,mv8,5b-8
5c,mv8,5c-8
6a,mv4,6a-4
6b,mv4,6b-4
6c,mv4,6c-4
6d,mv4,6d-4
6e,mv4,6e-4
6f,mv4,6f-4
6a,mv9,6a-9
6c,mv9,6c-9
6e,mv9,6e-9
7a,mv10,7a-10
7b,mv11,7b-11
7c,mv10,7c-10
8a,mv12,8a-12
8b,mv12,8b-12
8c,mv13,8c-13
8d,mv13,8d-13
9a,mv14,9a-14
9b,mv14,9b-14
9c,mv14,9c-14
9d,mv14,9d-14
9a,mv13,9a-13
9b,mv13,9b-13
9c,mv13,9c-13
9d,mv13,9d-13
10a,mv15,10a-15
10b,mv16,10b-16
10c,mv13,10c-13
11a,mv17,11a-17
11b,mv17,11b-17
11c,mv17,11c-17
11d,mv17,11d-17
11a,mv1,11a-1
11b,mv1,11b-1
12a,mv20,12a-20
12b,mv18,12b-18
12c,mv20,12c-20
12a,mv13,12a-13
12a,mv1,12a-1
12b,mv13,12b-13
12c,mv13,12c-13
12c,mv1,12c-1
12a,mv21,12a-21
12c,mv21,12c-21
13a,mv22,13a-22
13b,mv22,13b-22
13c,mv22,13c-22
13d,mv22,13d-22
13b,mv23,13b-23
13c,mv23,13c-23
14a,mv8,14a-8
14b,mv8,14b-8
14c,mv8,14c-8
14b,mv24,14b-24
12a,mv24,12a-24
12c,mv24,12c-24
14a,mv25,14a-25
14c,mv25,14c-25
15a,mv26,15a-26
15b,mv26,15b-26
15c,mv13,15c-13
15d,mv13,15d-13
16a,mv3,16a-3
16b,mv3,16b-3
16c,mv3,16c-3
16d,mv3,16d-3
16a,mv27,16a-27
16a,mv28,16a-28
16c,mv28,16c-28
16d,mv28,16d-28
17a,mv3,17a-3
17b,mv3,17b-3
17c,mv3,17c-3
17d,mv3,17d-3
17e,mv3,17e-3
17f,mv3,17f-3
18b,mv29,18b-29
18c,mv29,18c-29
18b,mv20,18b-20
19a,mv14,19a-14
19a,mv13,19a-13
19a,mv18,19a-18
19b,mv13,19b-13
19b,mv18,19b-18
19c,mv14,19c-14
19c,mv13,19c-13
19c,mv18,19c-18
19d,mv14,19d-14
19d,mv13,19d-13
19d,mv18,19d-18
20a,mv22,20a-22
20b,mv22,20b-22
20c,mv22,20c-22
20b,mv18,20b-18
20c,mv18,20c-18
21a,mv1,21a-1
21b,mv1,21b-1
21c,mv1,21c-1
21a,mv8,21a-8
21b,mv8,21b-8
22a,mv8,22a-8
22b,mv8,22b-8
22c,mv8,22c-8
22d,mv8,22d-8
22a,mv25,22a-25
22b,mv25,22b-25
22c,mv25,22c-25
22d,mv25,22d-25
22a,mv18,22a-18
22b,mv18,22b-18
22c,mv18,22c-18
22d,mv18,22d-18
23a,mv13,23a-13
23b,mv13,23b-13
23c,mv13,23c-13
23a,mv22,23a-22
23b,mv22,23b-22
23a,mv18,23a-18
23b,mv18,23b-18
24a,mv14,24a-14
24b,mv14,24b-14
24a,mv13,24a-13
24b,mv13,24b-13
25a,mv29,25a-29
25b,mv29,25b-29
25c,mv29,25c-29
25b,mv19,25b-19
26a,mv22,26a-22
26b,mv22,26b-22
26c,mv22,26c-22
26a,mv20,26a-20
26b,mv20,26b-20
26a,mv18,26a-18
26b,mv18,26b-18
26c,mv18,26c-18
27a,mv1,27a-1
27b,mv1,27b-1
27c,mv1,27c-1
27a,mv8,27a-8
27b,mv8,27b-8
27a,mv17,27a-17
27b,mv17,27b-17
27c,mv17,27c-17
28a,mv8,28a-8
28b,mv8,28b-8
28c,mv8,28c-8
28a,mv25,28a-25
28b,mv24,28b-24
28c,mv25,28c-25
28a,mv18,28a-18
28b,mv18,28b-18
28c,mv18,28c-18
29a,mv14,29a-14
29b,mv14,29b-14
29c,mv14,29c-14
29a,mv13,29a-13
29b,mv13,29b-13
29c,mv13,29c-13
30a,mv29,30a-29
30b,mv29,30b-29
30c,mv29,30c-29
30a,mv18,30a-18
30b,mv18,30b-18
31a,mv29,31a-29
31b,mv29,31b-29
31c,mv29,31c-29
31b,mv18,31b-18
32b,mv3,32b-3
33a,mv13,33a-13
33a,mv18,33a-18
33b,mv18,33b-18
